{
  "n_components": 300,
  "explained_variance": 0.9539233827047641,
  "threshold": 5145.867348597403,
  "accuracy": 0.5321404034339545,
  "precision": 0.5495380964488515,
  "recall": 0.06778526998065966,
  "f1_score": 0.12068419975059096,
  "fpr": 0.0500005879655217,
  "fnr": 0.9322147300193403,
  "true_positives": 25936,
  "false_positives": 21260,
  "true_negatives": 403935,
  "false_negatives": 356684,
  "max_fpr_constraint": 0.05
}