{
  "quote": 2.0,
  "double": 1.8514352211016292,
  "5": 1.0657142857142856,
  "##5": 1.034522885958107,
  "3": 1.0285714285714285,
  "1": 1.0971428571428572,
  "##27": 1.0314197051978278,
  "=": 1.0244375484871995,
  "13": 1.0069821567106283,
  "pct": 2.0,
  "qr": 2.0,
  "##pct": 1.1727467811158798,
  "##n": 1.0010729613733906,
  "q": 2.0,
  "pipe": 2.0
}