{
  "pipe": 2.0,
  "quote": 1.999650227352221,
  "\"": 1.000325650396208,
  "'": 1.000024122251571,
  "double": 2.0,
  "qr": 2.0,
  "]": 1.0002243158366981,
  "q": 2.0,
  "pct": 2.0,
  "##n": 1.0097087378640777,
  "1": 1.0097087378640777,
  "8": 1.0048543689320388,
  "2": 1.0097087378640777,
  "3": 1.0097087378640777,
  "6": 1.0097087378640777
}