{
  "quote": 2.0,
  "pipe": 1.9992328673712922,
  "##ab6": 1.0003719430927067,
  "##7": 1.0003906631506982,
  "check": 1.0000697393298825,
  "##1": 1.0001953315753491,
  "##03": 1.0001084834020395,
  "pct": 2.0,
  "double": 2.0,
  "##f3": 1.0001953315753491,
  "=": 1.0080085945893154,
  "1": 1.0132825471237425,
  "##0": 1.001171989452095,
  "##4": 1.0005859947260474,
  "##dd7": 1.0000976657876746,
  "##3": 1.0005859947260474,
  "##d": 1.0007813263013967,
  "3": 1.0005859947260474,
  "##209": 1.0000976657876746,
  "##f11": 1.0000976657876746,
  "##43": 1.0002929973630237,
  "2": 1.001171989452095,
  "##e": 1.0009766578767458,
  "##6": 1.0001953315753491,
  "4": 1.0007813263013967,
  "##4f": 1.0000976657876746,
  "##3f": 1.0002929973630237,
  "##9": 1.0005859947260474,
  "##646": 1.0003906631506982,
  "##e6": 1.0000976657876746,
  "##b": 1.0005859947260474,
  "##5": 1.0003906631506982,
  "##658": 1.0000976657876746,
  "##48": 1.0000976657876746,
  "##ec7": 1.0000976657876746,
  "##41": 1.0002929973630237,
  "##16": 1.0000976657876746,
  "##8": 1.0003906631506982,
  "##4fb": 1.0000976657876746,
  "##c": 1.0003906631506982,
  "##72": 1.0000976657876746,
  "##ba4": 1.0000976657876746,
  "##10a": 1.0000976657876746,
  "##ace": 1.0001953315753491,
  "##91": 1.0000976657876746,
  "##2": 1.0001953315753491,
  "##3d": 1.0001953315753491,
  "##e86": 1.0000976657876746,
  "##f": 1.0003906631506982,
  "##92": 1.0000976657876746,
  "##af": 1.0001953315753491,
  "##dc": 1.0000976657876746,
  "##2f": 1.0000976657876746,
  "##1a": 1.0000976657876746,
  "##64": 1.0000976657876746,
  "##1f": 1.0000976657876746,
  "##c5": 1.0000976657876746,
  "##02": 1.0000976657876746,
  "##b6": 1.0000976657876746,
  "qr": 2.0,
  "qa": 1.9986154378677743,
  "login": 1.0013845621322257,
  "q": 2.0
}