{
  "scenario": "CSIC_to_SRBH",
  "n_train": 47000,
  "n_test": 807815,
  "n_test_normal": 425195,
  "n_test_attack": 382620,
  "explained_variance": 0.9300813206393654,
  "threshold": 0.4732856750488281,
  "recall": 0.05520620981652815,
  "precision": 0.49901958468189656,
  "f1_score": 0.0994142826550951,
  "accuracy": 0.5262492030972438,
  "fpr": 0.04987358741283411,
  "true_positives": 21123,
  "false_positives": 21206,
  "true_negatives": 403989,
  "false_negatives": 361497
}