{
  "1": 49.28054105056687,
  "3": 13.117911012482738,
  "double": 58.746569999672765,
  "pct": 62.98870082989115,
  "q": 139.8476201830768,
  "qr": 36.02174671845872
}