{
  "\"": 3.970011094251225,
  "##n": 3.283552901842076,
  "'": 4.239064346869513,
  "1": 3.283552901842076,
  "2": 3.283552901842076,
  "3": 3.283552901842076,
  "6": 1.6741149894079759,
  "double": 1.8067594640142703,
  "pct": 4.402864506523336,
  "pipe": 1.9029796221741968,
  "q": 8.215144988597878,
  "qr": 1.8570513633132122
}