{
  "##27": 2.200085152427846,
  "##5": 2.2937207574618386,
  "##pct": 2.8839872748437405,
  "1": 2.448669203585895,
  "3": 1.31102757101205,
  "5": 1.934648688923385,
  "=": 1.9505220380796753,
  "double": 5.493647222182801,
  "pct": 5.477114124581785,
  "pipe": 3.1770726796235738,
  "q": 2.995212909953965,
  "qr": 4.540592333754219
}