{
  "quote": 3.0,
  "pipe": 2.9992328673712922,
  "pct": 3.0,
  "double": 3.0,
  "qr": 3.0,
  "qa": 2.9986154378677743,
  "q": 3.0
}
