{
  "##0": 3.7201997500399306,
  "##02": 1.4378173643634042,
  "##03": 3.871430719763854,
  "##1": 4.0027667218249405,
  "##10a": 1.4378173643634042,
  "##16": 1.4378173643634042,
  "##1a": 1.4378173643634042,
  "##1f": 1.4378173643634042,
  "##2": 2.0256040292655237,
  "##209": 1.4378173643634042,
  "##2f": 1.4378173643634042,
  "##3": 3.0472552767975047,
  "##3d": 2.0256040292655237,
  "##3f": 2.393328809390841,
  "##4": 3.0472552767975047,
  "##41": 2.393328809390841,
  "##43": 2.393328809390841,
  "##48": 1.4378173643634042,
  "##4f": 1.4378173643634042,
  "##4fb": 1.4378173643634042,
  "##5": 2.66159279598552,
  "##6": 2.0256040292655237,
  "##64": 1.4378173643634042,
  "##646": 2.66159279598552,
  "##658": 1.4378173643634042,
  "##7": 4.118838893077696,
  "##72": 1.4378173643634042,
  "##8": 2.66159279598552,
  "##9": 3.0472552767975047,
  "##91": 1.4378173643634042,
  "##92": 1.4378173643634042,
  "##ab6": 5.091069640834189,
  "##ace": 2.0256040292655237,
  "##af": 2.0256040292655237,
  "##b": 3.0472552767975047,
  "##b6": 1.4378173643634042,
  "##ba4": 1.4378173643634042,
  "##c": 2.66159279598552,
  "##c5": 1.4378173643634042,
  "##d": 3.3248870133957844,
  "##dc": 1.4378173643634042,
  "##dd7": 1.4378173643634042,
  "##e": 3.5419515186336117,
  "##e6": 1.4378173643634042,
  "##e86": 1.4378173643634042,
  "##ec7": 1.4378173643634042,
  "##f": 2.66159279598552,
  "##f11": 1.4378173643634042,
  "##f3": 2.0256040292655237,
  "1": 6.129165246592548,
  "2": 3.7201997500399306,
  "3": 3.0472552767975047,
  "4": 3.3248870133957844,
  "=": 5.624437202694676,
  "check": 3.4392973645735285,
  "double": 5.918632969312073,
  "login": 2.0256040292655237,
  "pct": 2.612014238130189,
  "q": 5.683451374131731,
  "qa": 1.7314231121621293,
  "qr": 4.27197144226134,
  "quote": 1.574169969773601
}