{
  "model": "adapted-secbert-isolation-forest-pca",
  "pooling": "mean+max (1536 dims)",
  "pca_dims": 256,
  "variance_explained": 0.9628766179084778,
  "detector": "isolation-forest",
  "contamination": 0.01,
  "n_estimators": 100,
  "threshold": 0.49661762284529154,
  "accuracy": 0.5850993708179367,
  "precision": 0.8159870454880024,
  "recall": 0.22114502294035507,
  "f1_score": 0.347981668654655,
  "fpr": 0.05,
  "fnr": 0.7788549770596449,
  "true_positives": 5543,
  "false_positives": 1250,
  "true_negatives": 23750,
  "false_negatives": 19522,
  "max_fpr_constraint": 0.05,
  "baseline_mahalanobis": 0.5192,
  "baseline_secbert": 0.4926,
  "improvement_vs_mahalanobis": -0.2980549770596449,
  "improvement_vs_secbert": -0.27145497705964494
}