{
  "accuracy": 0.7302506741236393,
  "precision": 0.9082497527899421,
  "recall": 0.5130261320566527,
  "f1": 0.6556867144277593,
  "false_positive_rate": 0.05196,
  "true_positive_rate": 0.5130261320566527,
  "auc": 0.7656611538001197,
  "tn": 23701,
  "fp": 1299,
  "fn": 12206,
  "tp": 12859,
  "threshold": 2170.295166015625
}