{
  "config": {
    "max_fpr": 0.05,
    "fusion_weight": 0.6,
    "tfidf_pca_components": 150
  },
  "thresholds": {
    "lof": 541873.875,
    "mahalanobis": 2041.317138671875,
    "fused": 1.014337182044983
  },
  "lof": {
    "precision": 0.9308232750855702,
    "recall": 0.6184320766008379,
    "f1_score": 0.7431324608082842,
    "accuracy": 0.7859582542694498,
    "fpr": 0.04608,
    "specificity": 0.95392,
    "tp": 15501,
    "fp": 1152,
    "tn": 23848,
    "fn": 9564,
    "total_samples": 50065
  },
  "mahalanobis": {
    "precision": 0.9040301536677298,
    "recall": 0.4975862756832236,
    "f1_score": 0.64187746069324,
    "accuracy": 0.7220213722161191,
    "fpr": 0.05296,
    "specificity": 0.94704,
    "tp": 12472,
    "fp": 1324,
    "tn": 23676,
    "fn": 12593,
    "total_samples": 50065
  },
  "union": {
    "precision": 0.890473017988008,
    "recall": 0.7998803111909036,
    "f1_score": 0.8427490542244641,
    "accuracy": 0.8505542794367322,
    "fpr": 0.09864,
    "specificity": 0.90136,
    "tp": 20049,
    "fp": 2466,
    "tn": 22534,
    "fn": 5016,
    "total_samples": 50065
  },
  "fused": {
    "precision": 0.9219910070061696,
    "recall": 0.7035308198683423,
    "f1_score": 0.7980810572288475,
    "accuracy": 0.8217716967941676,
    "fpr": 0.05968,
    "specificity": 0.94032,
    "tp": 17634,
    "fp": 1492,
    "tn": 23508,
    "fn": 7431,
    "total_samples": 50065
  }
}