{
  "config": {
    "max_fpr": 0.05,
    "fusion_weight": 0.6,
    "tfidf_pca_components": 150
  },
  "thresholds": {
    "lof": -0.5,
    "mahalanobis": 2185.712158203125,
    "fused": 0.7378622889518738
  },
  "lof": {
    "precision": 0.473649223273208,
    "recall": 1.0,
    "f1_score": 0.6428249216881589,
    "accuracy": 0.473649223273208,
    "fpr": 1.0,
    "specificity": 0.0,
    "tp": 382620,
    "fp": 425193,
    "tn": 0,
    "fn": 0,
    "total_samples": 807813
  },
  "mahalanobis": {
    "precision": 0.9037754246711258,
    "recall": 0.5523182269614761,
    "f1_score": 0.6856312292358804,
    "accuracy": 0.7601028951007226,
    "fpr": 0.05291714586082085,
    "specificity": 0.9470828541391791,
    "tp": 211328,
    "fp": 22500,
    "tn": 402693,
    "fn": 171292,
    "total_samples": 807813
  },
  "union": {
    "precision": 0.473649223273208,
    "recall": 1.0,
    "f1_score": 0.6428249216881589,
    "accuracy": 0.473649223273208,
    "fpr": 1.0,
    "specificity": 0.0,
    "tp": 382620,
    "fp": 425193,
    "tn": 0,
    "fn": 0,
    "total_samples": 807813
  },
  "fused": {
    "precision": 0.9079421138771643,
    "recall": 0.5509539490878679,
    "f1_score": 0.6857709824333117,
    "accuracy": 0.7608505928971185,
    "fpr": 0.05026893669463044,
    "specificity": 0.9497310633053696,
    "tp": 210806,
    "fp": 21374,
    "tn": 403819,
    "fn": 171814,
    "total_samples": 807813
  }
}