{
  "threshold": 281884.14659278386,
  "accuracy": 0.539181619553982,
  "precision": 0.597988049315483,
  "recall": 0.0826511943965292,
  "f1_score": 0.14522943532091553,
  "fpr": 0.0500005879655217,
  "fnr": 0.9173488056034708,
  "true_positives": 31624,
  "false_positives": 21260,
  "true_negatives": 403935,
  "false_negatives": 350996,
  "max_fpr_constraint": 0.05
}